<?xml version="1.0" encoding="UTF-8"?>
<con:soapui-project id="b2b1108b-eaa9-4e99-9d82-845d5e5bc076" created="3.3.0" activeEnvironment="Default environment" name="JDBC Connection Activity - Saving Data" updated="3.3.0 2020-06-26T16:21:32Z" encryptionMode="Not encrypted" xmlns:con="http://eviware.com/soapui/config"><con:settings/><con:interface xsi:type="con:RestService" id="6256b898-cde8-49c7-a204-57258b482f9f" wadlVersion="http://wadl.dev.java.net/2009/02" name="http://www.datasciencetoolkit.org" type="rest" xmlns:xsi="http://www.w3.org/2001/XMLSchema-instance"><con:settings/><con:definitionCache type="TEXT" rootPart=""/><con:endpoints><con:endpoint>http://www.datasciencetoolkit.org</con:endpoint></con:endpoints><con:resource name="Json" path="/maps/api/geocode/json" id="312d0c76-dd11-4248-b810-cb6291c71e27"><con:settings/><con:parameters/><con:method name="Json" id="3d768a03-9d47-4f97-871f-b870925c018c" method="GET"><con:settings/><con:parameters><con:parameter required="true"><con:name>address</con:name><con:value/><con:style>QUERY</con:style><con:default/><con:path xsi:nil="true"/><con:description xsi:nil="true"/></con:parameter></con:parameters><con:representation type="RESPONSE"><con:mediaType>application/json</con:mediaType><con:status>200</con:status><con:params/><con:element xmlns:json="http://www.datasciencetoolkit.org/maps/api/geocode/json">json:Response</con:element></con:representation><con:request name="Request 1" id="593d0aaa-9ccd-4e69-a0e2-53678c70696b" mediaType="application/json"><con:settings/><con:endpoint>http://www.datasciencetoolkit.org</con:endpoint><con:credentials><con:selectedAuthProfile>No Authorization</con:selectedAuthProfile><con:authType>No Authorization</con:authType></con:credentials><con:parameters><con:entry key="address" value=""/></con:parameters><con:parameterOrder><con:entry>address</con:entry></con:parameterOrder></con:request></con:method></con:resource></con:interface><con:testSuite id="e23be816-8dca-47f4-a1be-2a1380e3f967" name="http://www.datasciencetoolkit.org TestSuite"><con:settings/><con:savedRecentRuns>1</con:savedRecentRuns><con:runType>SEQUENTIAL</con:runType><con:testCase id="ba6cdbc3-9ff4-4eb4-8e5b-30cadd2fa799" discardOkResults="false" failOnError="true" failTestCaseOnErrors="true" keepSession="false" name="http://www.datasciencetoolkit.org TestCase 1" searchProperties="true" timeout="0"><con:settings/><con:testStep type="datasource" name="DataSource" id="27f7a062-77cb-44c5-9c92-9019132a49c7"><con:settings/><con:config xsi:type="con:DataSourceStep" xmlns:xsi="http://www.w3.org/2001/XMLSchema-instance"><con:dataSource type="Data Generator"><con:configuration><generatedDataCount>10</generatedDataCount><generatorsTotalNumber>1</generatorsTotalNumber><lastSelectedProperty>-1</lastSelectedProperty><GeneratorType0>CITY</GeneratorType0><PropertyName0>address</PropertyName0><repetitionCountaddress>0</repetitionCountaddress><repeatValuesaddress>false</repeatValuesaddress><escapeSpaceSequence/></con:configuration></con:dataSource><con:shared>false</con:shared><con:restartShared>false</con:restartShared><con:property>address</con:property><con:restartOnRun>true</con:restartOnRun></con:config></con:testStep><con:testStep type="datasink" name="DataSink" id="67a728f6-a3a8-4b85-8b43-79eda1d9402c"><con:settings/><con:config xsi:type="con:DataSinkStep" xmlns:xsi="http://www.w3.org/2001/XMLSchema-instance"><con:dataSink type="JDBC"><con:configuration><driver>com.mysql.jdbc.Driver</driver><connstr>jdbc:mysql://db4free.net:3306/soapuitesting?user=soapuiuser&amp;password=PASS_VALUE</connstr><pass>soapuipassword</pass><Connection>( Default environment )( Default environment )( Default environment )( Default environment )</Connection><query>insert into coordinates(lat,lng) values (?,?);</query><stored-procedure>false</stored-procedure></con:configuration></con:dataSink><con:properties><con:property><con:name>lat</con:name></con:property><con:property><con:name>lng</con:name></con:property></con:properties></con:config></con:testStep><con:testStep type="restrequest" name="Request 1" id="6c549a96-1158-49bd-956d-d10dbafcc422"><con:settings/><con:config service="http://www.datasciencetoolkit.org" resourcePath="/maps/api/geocode/json" methodName="Json" xsi:type="con:RestRequestStep" xmlns:xsi="http://www.w3.org/2001/XMLSchema-instance"><con:restRequest name="Request 1" id="593d0aaa-9ccd-4e69-a0e2-53678c70696b" mediaType="application/json"><con:settings><con:setting id="com.eviware.soapui.impl.wsdl.WsdlRequest@request-headers">&lt;xml-fragment/></con:setting></con:settings><con:endpoint>http://www.datasciencetoolkit.org</con:endpoint><con:request/><con:originalUri>http://www.datasciencetoolkit.org/maps/api/geocode/json</con:originalUri><con:assertion type="JsonPath Match" id="39b96e30-b9fa-4e67-9210-83011cab6b88" name="JSONPath Match"><con:configuration><path>$['results'][0]['address_components'][0]['long_name']</path><content>"Fajardo, PR"</content><allowWildcards>false</allowWildcards><ignoreNamspaceDifferences>false</ignoreNamspaceDifferences><ignoreComments>false</ignoreComments></con:configuration></con:assertion><con:credentials><con:selectedAuthProfile>No Authorization</con:selectedAuthProfile><con:authType>No Authorization</con:authType></con:credentials><con:jmsConfig JMSDeliveryMode="PERSISTENT"/><con:parameters><con:entry key="address" value="${DataSource#address}"/></con:parameters><con:parameterOrder><con:entry>address</con:entry></con:parameterOrder></con:restRequest></con:config></con:testStep><con:testStep type="transfer" name="PropertyTransfer 1" id="ecc15098-f498-4c30-8220-1085191d4f72"><con:settings/><con:config xsi:type="con:PropertyTransfersStep" xmlns:xsi="http://www.w3.org/2001/XMLSchema-instance"><con:transfers setNullOnMissingSource="true" transferTextContent="true" failOnError="true" ignoreEmpty="false" transferToAll="false" entitize="false" transferChildNodes="false"><con:name>lat</con:name><con:sourceType>Response</con:sourceType><con:sourceStep>Request 1</con:sourceStep><con:sourcePath>$['results'][0]['geometry']['location']['lat']</con:sourcePath><con:targetType>lat</con:targetType><con:targetStep>DataSink</con:targetStep><con:targetPath/><con:type>JSONPATH</con:type><con:upgraded>true</con:upgraded></con:transfers><con:transfers setNullOnMissingSource="true" transferTextContent="true" failOnError="true"><con:name>lng</con:name><con:sourceType>Response</con:sourceType><con:sourceStep>Request 1</con:sourceStep><con:sourcePath>$['results'][0]['geometry']['location']['lng']</con:sourcePath><con:targetType>lng</con:targetType><con:targetStep>DataSink</con:targetStep><con:targetPath/><con:type>JSONPATH</con:type><con:upgraded>true</con:upgraded></con:transfers></con:config></con:testStep><con:testStep type="datasourceloop" name="DataSource Loop" id="2b6697d4-56a7-4c2e-9b35-112fa478beed"><con:settings/><con:config><dataSourceStep>DataSource</dataSourceStep><targetStep>Request 1</targetStep><discardResults>true</discardResults></con:config></con:testStep><con:properties/><con:reportParameters/><con:breakPoints><con:testStepId>27f7a062-77cb-44c5-9c92-9019132a49c7</con:testStepId><con:status>NONE</con:status><con:properties/></con:breakPoints></con:testCase><con:properties/><con:reportParameters/></con:testSuite><con:savedRecentRuns>1</con:savedRecentRuns><con:properties/><con:wssContainer/><con:databaseConnectionContainer/><con:jmsConnectionContainer/><con:oAuth2ProfileContainer/><con:oAuth1ProfileContainer/><con:reporting><con:reportTemplates/><con:xmlTemplates/><con:xmlTemplates/><con:parameters/><con:parameters/></con:reporting><con:reporting/><con:eventHandlers type="RequestFilter.filterRequest" name="RequestFilter.filterRequest"><con:script>// Sample event script to add custom HTTP header to all outgoing REST, SOAP and HTTP(S) calls
// This code is often used for adding custom authentication to SoapUI Pro tests

// If hardcoding the token, uncomment and change line 5
// token = '4567'

// If your token is parameterized in Project level custom property, uncomment line 8
// token = request.parent.testCase.testSuite.project.getProperty('auth_token').getValue()

// To modify all outgoing calls, remove comments from lines 11 to 16
// headers = request.requestHeaders
// if (headers.containsKey('auth_token2') == false) {
//   headers.put('auth_token2', token)
//   request.requestHeaders = headers
// }</con:script></con:eventHandlers><con:eventHandlers type="TestRunListener.afterStep" name="TestRunListener.afterStep"><con:script>// Save all test step results into files
// Change the directory path in line 5 to a location where you want to store details
// then uncomment lines 5 to 10

// filePath = 'C:\\tempOutputDirectory\\'
// fos = new java.io.FileOutputStream(filePath + testStepResult.testStep.label + '.txt', true)
// pw = new java.io.PrintWriter(fos)
// testStepResult.writeTo(pw)
// pw.close()
// fos.close()</con:script></con:eventHandlers><con:authRepository/><con:tags/></con:soapui-project>