<?xml version="1.0" encoding="UTF-8"?>
<con:soapui-project id="9ac88927-a54c-4843-8880-5e2f6b876303" created="3.3.0" activeEnvironment="Default environment" name="JsonSlurper Activity" updated="3.3.0 2020-06-26T16:21:32Z" encryptionMode="Not encrypted" xmlns:con="http://eviware.com/soapui/config"><con:settings/><con:interface xsi:type="con:RestService" id="c2147579-fd60-42f2-a994-4fa6e4ca5768" wadlVersion="http://wadl.dev.java.net/2009/02" name="https://petstore.swagger.io" type="rest" xmlns:xsi="http://www.w3.org/2001/XMLSchema-instance"><con:settings/><con:definitionCache/><con:endpoints><con:endpoint>https://petstore.swagger.io</con:endpoint></con:endpoints><con:resource name="Inventory" path="/v2/store/inventory" id="f3abc643-905d-468f-a108-d4d316281500"><con:settings/><con:parameters/><con:method name="Inventory" id="27990475-4d7c-46c6-8267-b39bc0a5f2ae" method="GET"><con:settings/><con:parameters/><con:representation type="RESPONSE"><con:mediaType>application/json</con:mediaType><con:status>200</con:status><con:params/><con:element xmlns:inv="https://petstore.swagger.io/v2/store/inventory">inv:Response</con:element></con:representation><con:request name="Request 1" id="56775d96-6073-41e9-bf0e-bc93911f360f" mediaType="application/json"><con:settings/><con:endpoint>https://petstore.swagger.io</con:endpoint><con:credentials><con:selectedAuthProfile>No Authorization</con:selectedAuthProfile><con:authType>No Authorization</con:authType></con:credentials><con:parameters/></con:request></con:method></con:resource></con:interface><con:testSuite id="70d770e2-b85c-4a5e-9b93-d35fc1900907" name="https://petstore.swagger.io TestSuite"><con:settings/><con:runType>SEQUENTIAL</con:runType><con:testCase id="9d1e452c-107e-4a37-b930-2402ee521068" discardOkResults="false" failOnError="true" failTestCaseOnErrors="true" keepSession="false" name="https://petstore.swagger.io TestCase 1" searchProperties="true" timeout="0"><con:settings/><con:testStep type="groovy" name="Groovy Script" id="ebdaf8ee-115f-48d2-a0a8-52a9b9dde74e"><con:settings/><con:config><script>//Import JsonSlurper
import groovy.json.JsonSlurper

//Create Object
def slurp = new JsonSlurper()

//Get response JSON
def res = context.expand('${Request 1#response}')

//Save response as list
def jsonRes = slurp.parseText(res)

//Access values
//Print all values
log.info jsonRes.status
log.info jsonRes.available
log.info jsonRes.sold
log.info jsonRes.pending
</script></con:config></con:testStep><con:testStep type="restrequest" name="Request 1" id="c21078dd-4d7d-4220-b9d1-574cdd887770"><con:settings/><con:config service="https://petstore.swagger.io" resourcePath="/v2/store/inventory" methodName="Inventory" xsi:type="con:RestRequestStep" xmlns:xsi="http://www.w3.org/2001/XMLSchema-instance"><con:restRequest name="Request 1" id="56775d96-6073-41e9-bf0e-bc93911f360f" mediaType="application/json"><con:settings><con:setting id="com.eviware.soapui.impl.wsdl.WsdlRequest@request-headers">&lt;xml-fragment/></con:setting></con:settings><con:endpoint>https://petstore.swagger.io</con:endpoint><con:request/><con:originalUri>https://petstore.swagger.io/v2/store/inventory</con:originalUri><con:credentials><con:selectedAuthProfile>No Authorization</con:selectedAuthProfile><con:authType>No Authorization</con:authType></con:credentials><con:jmsConfig JMSDeliveryMode="PERSISTENT"/><con:parameters/></con:restRequest></con:config></con:testStep><con:properties/><con:reportParameters/></con:testCase><con:properties/><con:reportParameters/></con:testSuite><con:properties/><con:wssContainer/><con:databaseConnectionContainer/><con:jmsConnectionContainer/><con:oAuth2ProfileContainer/><con:oAuth1ProfileContainer/><con:reporting><con:xmlTemplates/><con:parameters/></con:reporting><con:eventHandlers type="RequestFilter.filterRequest" name="RequestFilter.filterRequest"><con:script>// Sample event script to add custom HTTP header to all outgoing REST, SOAP and HTTP(S) calls
// This code is often used for adding custom authentication to SoapUI Pro tests

// If hardcoding the token, uncomment and change line 5
// token = '4567'

// If your token is parameterized in Project level custom property, uncomment line 8
// token = request.parent.testCase.testSuite.project.getProperty('auth_token').getValue()

// To modify all outgoing calls, remove comments from lines 11 to 16
// headers = request.requestHeaders
// if (headers.containsKey('auth_token2') == false) {
//   headers.put('auth_token2', token)
//   request.requestHeaders = headers
// }</con:script></con:eventHandlers><con:eventHandlers type="TestRunListener.afterStep" name="TestRunListener.afterStep"><con:script>// Save all test step results into files
// Change the directory path in line 5 to a location where you want to store details
// then uncomment lines 5 to 10

// filePath = 'C:\\tempOutputDirectory\\'
// fos = new java.io.FileOutputStream(filePath + testStepResult.testStep.label + '.txt', true)
// pw = new java.io.PrintWriter(fos)
// testStepResult.writeTo(pw)
// pw.close()
// fos.close()</con:script></con:eventHandlers><con:authRepository/><con:tags/></con:soapui-project>