<?xml version="1.0" encoding="UTF-8"?>
<con:soapui-project id="9c1c3336-38a2-4a68-af8e-fed04961a58c" created="3.3.0" activeEnvironment="Default environment" name="REST Project 4" resourceRoot="" updated="3.3.0 2020-06-26T16:21:32Z" encryptionMode="Not encrypted" abortOnError="false" runType="SEQUENTIAL" soapui-version="5.5.0" xmlns:con="http://eviware.com/soapui/config"><con:settings/><con:interface xsi:type="con:RestService" id="1ffa5534-8cb5-40d1-9ea8-0badf55118f1" wadlVersion="http://wadl.dev.java.net/2009/02" name="http://www.datasciencetoolkit.org" type="rest" xmlns:xsi="http://www.w3.org/2001/XMLSchema-instance"><con:settings/><con:definitionCache/><con:endpoints><con:endpoint>http://www.datasciencetoolkit.org</con:endpoint></con:endpoints><con:resource name="Json" path="/maps/api/geocode/json" id="46596733-ca93-4075-b55b-45b42122dbe4"><con:settings/><con:parameters/><con:method name="Json" id="1b512cef-49cf-4c67-b6c7-522d6339c2e5" method="GET"><con:settings/><con:parameters><con:parameter required="true"><con:name>address</con:name><con:value/><con:style>QUERY</con:style><con:default/><con:path xsi:nil="true"/><con:description xsi:nil="true"/></con:parameter></con:parameters><con:request name="Request 1" id="96c44b18-1d59-4851-8e3b-9c46bb23e101" mediaType="application/json"><con:settings/><con:endpoint>http://www.datasciencetoolkit.org</con:endpoint><con:credentials><con:selectedAuthProfile>No Authorization</con:selectedAuthProfile><con:authType>No Authorization</con:authType></con:credentials><con:parameters><con:entry key="address" value=""/></con:parameters><con:parameterOrder><con:entry>address</con:entry></con:parameterOrder></con:request></con:method></con:resource></con:interface><con:testSuite id="d28b6901-47f5-4a9f-b7d4-8b923de4e360" name="http://www.datasciencetoolkit.org TestSuite"><con:settings/><con:runType>SEQUENTIAL</con:runType><con:testCase id="d3678e01-9b28-4d8a-868a-0e1a06c32c87" discardOkResults="false" failOnError="true" failTestCaseOnErrors="true" keepSession="false" name="http://www.datasciencetoolkit.org TestCase 1" searchProperties="true" timeout="0" maxResults="0"><con:settings/><con:testStep type="datasource" name="DataSource" id="87762415-f809-4d85-8fdf-4a64a30f9421"><con:settings><con:setting id="com.eviware.soapui.impl.wsdl.teststeps.datasource.DataSourceContainer@prepared-properties">&lt;xml-fragment/></con:setting></con:settings><con:config xsi:type="con:DataSourceStep" xmlns:xsi="http://www.w3.org/2001/XMLSchema-instance"><con:dataSource type="Data Connection"><con:configuration><Connection>test( Default environment )</Connection><query>select * from petData</query><fetchSize/><stored-procedure>false</stored-procedure></con:configuration></con:dataSource><con:shared>true</con:shared><con:restartShared>true</con:restartShared><con:property>PetID</con:property><con:property>PetName</con:property><con:property>PetStatus</con:property><con:completeLastOperation>true</con:completeLastOperation><con:restartOnRun>true</con:restartOnRun></con:config></con:testStep><con:testStep type="restrequest" name="Request 1" id="8eac017d-bd98-4c2f-b53e-1e557bc5f977"><con:settings/><con:config service="http://www.datasciencetoolkit.org" resourcePath="/maps/api/geocode/json" methodName="Json" xsi:type="con:RestRequestStep" xmlns:xsi="http://www.w3.org/2001/XMLSchema-instance"><con:restRequest name="Request 1" id="96c44b18-1d59-4851-8e3b-9c46bb23e101" mediaType="application/json"><con:settings/><con:endpoint>http://www.datasciencetoolkit.org</con:endpoint><con:request/><con:assertion type="Valid HTTP Status Codes" id="f4f21e74-3516-4c63-9ae6-c602301e8b20" name="Valid HTTP Status Codes"><con:settings/><con:configuration><codes>200</codes></con:configuration></con:assertion><con:assertion type="Response SLA Assertion" id="edbf1197-df94-4c43-8ff8-c7c1458efc62" name="Response SLA"><con:configuration><SLA>200</SLA></con:configuration></con:assertion><con:credentials><con:selectedAuthProfile>No Authorization</con:selectedAuthProfile><con:authType>No Authorization</con:authType></con:credentials><con:jmsConfig JMSDeliveryMode="PERSISTENT"/><con:jmsPropertyConfig/><con:parameters><con:entry key="address" value="${DataSource#address}"/></con:parameters><con:parameterOrder><con:entry>address</con:entry></con:parameterOrder></con:restRequest></con:config></con:testStep><con:testStep type="datasourceloop" name="DataSource Loop" id="7178153d-b8aa-4b0b-b916-98c353a8ce42"><con:settings/><con:config><dataSourceStep>DataSource</dataSourceStep><targetStep>Request 1</targetStep><discardResults>true</discardResults></con:config></con:testStep><con:testStep type="datasink" name="DataSink" id="07841c1e-760c-4c2c-bf51-ecfe79878f7d"><con:settings/><con:config xsi:type="con:DataSinkStep" xmlns:xsi="http://www.w3.org/2001/XMLSchema-instance"><con:dataSink type="SubReport"><con:configuration/></con:dataSink><con:properties/></con:config></con:testStep><con:properties/><con:reportParameters/></con:testCase><con:properties/><con:reportParameters/></con:testSuite><con:properties/><con:wssContainer/><con:databaseConnectionContainer><con:databaseConnection><con:name>test</con:name><con:driver>com.mysql.jdbc.Driver</con:driver><con:connectionString>jdbc:mysql://db4free.net:3306/soapuitesting?user=soapuiuser&amp;password=PASS_VALUE</con:connectionString><con:password>soapuipassword</con:password><con:connectionProperties/></con:databaseConnection></con:databaseConnectionContainer><con:jmsConnectionContainer/><con:oAuth2ProfileContainer/><con:oAuth1ProfileContainer/><con:reporting><con:reportTemplates/><con:xmlTemplates/><con:xmlTemplates/><con:parameters/><con:parameters/></con:reporting><con:reporting/><con:eventHandlers type="RequestFilter.filterRequest" name="RequestFilter.filterRequest"><con:script>// Sample event script to add custom HTTP header to all outgoing REST, SOAP and HTTP(S) calls
// This code is often used for adding custom authentication to SoapUI Pro tests

// If hardcoding the token, uncomment and change line 5
// token = '4567'

// If your token is parameterized in Project level custom property, uncomment line 8
// token = request.parent.testCase.testSuite.project.getProperty('auth_token').getValue()

// To modify all outgoing calls, remove comments from lines 11 to 16
// headers = request.requestHeaders
// if (headers.containsKey('auth_token2') == false) {
//   headers.put('auth_token2', token)
//   request.requestHeaders = headers
// }</con:script></con:eventHandlers><con:eventHandlers type="TestRunListener.afterStep" name="TestRunListener.afterStep"><con:script>// Save all test step results into files
// Change the directory path in line 5 to a location where you want to store details
// then uncomment lines 5 to 10

// filePath = 'C:\\tempOutputDirectory\\'
// fos = new java.io.FileOutputStream(filePath + testStepResult.testStep.label + '.txt', true)
// pw = new java.io.PrintWriter(fos)
// testStepResult.writeTo(pw)
// pw.close()
// fos.close()</con:script></con:eventHandlers><con:authRepository/><con:tags/></con:soapui-project>