<?xml version="1.0" encoding="UTF-8"?>
<con:soapui-project id="122b937e-82e4-4c67-acb9-471f4afe9137" created="3.3.0" activeEnvironment="Default environment" name="SetUp/TearDown Script Activity" updated="3.3.0 2020-06-26T16:21:32Z" encryptionMode="Not encrypted" xmlns:con="http://eviware.com/soapui/config"><con:settings/><con:interface xsi:type="con:RestService" id="38ce0dca-2c3e-414b-b1ed-452530028032" wadlVersion="http://wadl.dev.java.net/2009/02" name="https://petstore.swagger.io" type="rest" xmlns:xsi="http://www.w3.org/2001/XMLSchema-instance"><con:settings/><con:definitionCache type="TEXT" rootPart=""/><con:endpoints><con:endpoint>https://petstore.swagger.io</con:endpoint></con:endpoints><con:resource name="Pet" path="/v2/pet" id="805a8c56-34e4-4f58-a828-fdf05d3b2970"><con:settings/><con:parameters/><con:method name="Pet" id="e6d2ffca-4339-4925-b4fc-f12b06a5abeb" method="POST"><con:settings/><con:parameters/><con:representation type="FAULT"><con:mediaType>application/json</con:mediaType><con:status>405</con:status><con:params/><con:element xmlns:pet="https://petstore.swagger.io/v2/pet">pet:Fault</con:element></con:representation><con:representation type="REQUEST"><con:mediaType>application/json</con:mediaType><con:params/></con:representation><con:representation type="RESPONSE"><con:mediaType>application/json</con:mediaType><con:status>200</con:status><con:params/><con:element xmlns:pet="https://petstore.swagger.io/v2/pet">pet:Response</con:element></con:representation><con:request name="Request 1" id="704cc995-0df3-45c0-b158-ec470448d8cb" mediaType="application/json" postQueryString="false"><con:settings><con:setting id="com.eviware.soapui.impl.wsdl.WsdlRequest@request-headers">&lt;xml-fragment/></con:setting></con:settings><con:endpoint>https://petstore.swagger.io</con:endpoint><con:request>{
    "id": 23472,
    "category": {
        "id": 0,
        "name": "string"
    },
    "name": "Timmy",
    "photoUrls": [
        "string"
    ],
    "tags": [{
        "id": 0,
        "name": "string"
    }],
    "status": "available"
}</con:request><con:originalUri>https://petstore.swagger.io/v2/pet</con:originalUri><con:credentials><con:selectedAuthProfile>No Authorization</con:selectedAuthProfile><con:authType>No Authorization</con:authType></con:credentials><con:jmsConfig JMSDeliveryMode="PERSISTENT"/><con:parameters/></con:request></con:method></con:resource></con:interface><con:interface xsi:type="con:RestService" id="266e4ce2-2d35-423c-a490-ffb7b2c87e79" wadlVersion="http://wadl.dev.java.net/2009/02" name="https://petstore.swagger.io 1" type="rest" xmlns:xsi="http://www.w3.org/2001/XMLSchema-instance"><con:settings/><con:definitionCache type="TEXT" rootPart=""/><con:endpoints><con:endpoint>https://petstore.swagger.io</con:endpoint></con:endpoints><con:resource name="Pet" path="/v2/pet/{petID}" id="268476b2-9b39-4ce4-b777-8d350d9cbc0f"><con:settings/><con:parameters><con:parameter><con:name>petID</con:name><con:value/><con:style>TEMPLATE</con:style><con:default/></con:parameter></con:parameters><con:method name="Pet" id="9a8820a9-ae20-4188-9215-c67dbf9238c2" method="DELETE"><con:settings/><con:parameters/><con:representation type="FAULT"><con:mediaType>text/html</con:mediaType><con:status>405</con:status><con:params/><con:element>html</con:element></con:representation><con:representation type="REQUEST"><con:mediaType>application/json</con:mediaType><con:params/></con:representation><con:representation type="RESPONSE"><con:mediaType>application/json</con:mediaType><con:status>200</con:status><con:params/><con:element xmlns:pet="https://petstore.swagger.io/">pet:Response</con:element></con:representation><con:request name="Request 1" id="c794ede3-b089-4849-bc4c-6c9d49b40a39" mediaType="application/json" postQueryString="false"><con:settings><con:setting id="com.eviware.soapui.impl.wsdl.WsdlRequest@request-headers">&lt;xml-fragment/></con:setting></con:settings><con:endpoint>https://petstore.swagger.io</con:endpoint><con:request/><con:originalUri>https://petstore.swagger.io/</con:originalUri><con:credentials><con:selectedAuthProfile>No Authorization</con:selectedAuthProfile><con:authType>No Authorization</con:authType></con:credentials><con:jmsConfig JMSDeliveryMode="PERSISTENT"/><con:parameters/><con:parameterOrder><con:entry>petID</con:entry></con:parameterOrder></con:request></con:method></con:resource></con:interface><con:testSuite id="81e3d594-7010-4d92-8564-904a9c279c42" name="https://petstore.swagger.io TestSuite"><con:settings/><con:runType>SEQUENTIAL</con:runType><con:testCase id="24cd2bea-ffa2-43dc-8908-b6d9a35dcfbd" discardOkResults="false" failOnError="true" failTestCaseOnErrors="true" keepSession="false" name="https://petstore.swagger.io TestCase 1" searchProperties="true" timeout="0"><con:settings/><con:testStep type="restrequest" name="Request 1" id="b27fb931-a431-4923-b6e9-e41711afb913"><con:settings/><con:config service="https://petstore.swagger.io" resourcePath="/v2/pet" methodName="Pet" xsi:type="con:RestRequestStep" xmlns:xsi="http://www.w3.org/2001/XMLSchema-instance"><con:restRequest name="Request 1" id="704cc995-0df3-45c0-b158-ec470448d8cb" mediaType="application/json" postQueryString="false"><con:settings><con:setting id="com.eviware.soapui.impl.wsdl.WsdlRequest@request-headers">&lt;xml-fragment/></con:setting></con:settings><con:endpoint>https://petstore.swagger.io</con:endpoint><con:request>{
    "id": "${#petID}",
    "category": {
        "id": 0,
        "name": "string"
    },
    "name": "${#petName}",
    "photoUrls": [
        "string"
    ],
    "tags": [{
        "id": 0,
        "name": "string"
    }],
    "status": "available"
}</con:request><con:originalUri>https://petstore.swagger.io/v2/pet</con:originalUri><con:credentials><con:selectedAuthProfile>No Authorization</con:selectedAuthProfile><con:authType>No Authorization</con:authType></con:credentials><con:jmsConfig JMSDeliveryMode="PERSISTENT"/><con:parameters/></con:restRequest></con:config></con:testStep><con:testStep type="restrequest" name="REST Request" id="f85a5383-206d-4217-8115-23a7ff3d4b21"><con:settings/><con:config service="https://petstore.swagger.io 1" resourcePath="/v2/pet/{petID}" methodName="Pet" xsi:type="con:RestRequestStep" xmlns:xsi="http://www.w3.org/2001/XMLSchema-instance"><con:restRequest name="REST Request" id="c794ede3-b089-4849-bc4c-6c9d49b40a39" mediaType="application/json" postQueryString="false"><con:settings><con:setting id="com.eviware.soapui.impl.wsdl.WsdlRequest@request-headers">&lt;xml-fragment/></con:setting></con:settings><con:endpoint>https://petstore.swagger.io</con:endpoint><con:request/><con:originalUri>https://petstore.swagger.io/</con:originalUri><con:credentials><con:selectedAuthProfile>No Authorization</con:selectedAuthProfile><con:authType>No Authorization</con:authType></con:credentials><con:jmsConfig JMSDeliveryMode="PERSISTENT"/><con:parameters><con:entry key="petID" value="${Request 1#Response#$['id']}"/></con:parameters><con:parameterOrder><con:entry>petID</con:entry></con:parameterOrder></con:restRequest></con:config></con:testStep><con:properties/><con:reportParameters/></con:testCase><con:properties/><con:reportParameters/></con:testSuite><con:savedRecentRuns>1</con:savedRecentRuns><con:properties/><con:wssContainer/><con:databaseConnectionContainer/><con:jmsConnectionContainer/><con:oAuth2ProfileContainer/><con:oAuth1ProfileContainer/><con:reporting><con:reportTemplates/><con:xmlTemplates/><con:xmlTemplates/><con:parameters/><con:parameters/></con:reporting><con:reporting/><con:beforeRunScript>//Setting petID
context.setProperty("petID", "100001")

//Setting petName
context.setProperty("petName", "Suresh")</con:beforeRunScript><con:afterRunScript>//remove petID
context.removeProperty("petID")

//remove petName
context.removeProperty("petName")</con:afterRunScript><con:eventHandlers type="RequestFilter.filterRequest" name="RequestFilter.filterRequest"><con:script>// Sample event script to add custom HTTP header to all outgoing REST, SOAP and HTTP(S) calls
// This code is often used for adding custom authentication to SoapUI Pro tests

// If hardcoding the token, uncomment and change line 5
// token = '4567'

// If your token is parameterized in Project level custom property, uncomment line 8
// token = request.parent.testCase.testSuite.project.getProperty('auth_token').getValue()

// To modify all outgoing calls, remove comments from lines 11 to 16
// headers = request.requestHeaders
// if (headers.containsKey('auth_token2') == false) {
//   headers.put('auth_token2', token)
//   request.requestHeaders = headers
// }</con:script></con:eventHandlers><con:eventHandlers type="TestRunListener.afterStep" name="TestRunListener.afterStep"><con:script>// Save all test step results into files
// Change the directory path in line 5 to a location where you want to store details
// then uncomment lines 5 to 10

// filePath = 'C:\\tempOutputDirectory\\'
// fos = new java.io.FileOutputStream(filePath + testStepResult.testStep.label + '.txt', true)
// pw = new java.io.PrintWriter(fos)
// testStepResult.writeTo(pw)
// pw.close()
// fos.close()</con:script></con:eventHandlers><con:authRepository/><con:tags/></con:soapui-project>