<?xml version="1.0" encoding="UTF-8"?>
<con:soapui-project id="d0d9cff0-b23c-4848-90ee-e923e747ed35" activeEnvironment="Default" name="Groovy Scripting Activity" soapui-version="5.5.0" abortOnError="false" runType="SEQUENTIAL" encryptionMode="Not encrypted" updated="3.3.0 2020-06-26T16:21:32Z" xmlns:con="http://eviware.com/soapui/config"><con:settings/><con:interface xsi:type="con:WsdlInterface" id="3cf6a420-3bad-425e-9e9e-4bd7da179c1a" wsaVersion="NONE" name="NumberConversionSoapBinding" type="wsdl" bindingName="{http://www.dataaccess.com/webservicesserver/}NumberConversionSoapBinding" soapVersion="1_1" anonymous="optional" definition="http://www.dataaccess.com/webservicesserver/numberconversion.wso?wsdl" xmlns:xsi="http://www.w3.org/2001/XMLSchema-instance"><con:settings/><con:definitionCache type="TEXT" rootPart="http://www.dataaccess.com/webservicesserver/numberconversion.wso?wsdl"><con:part><con:url>http://www.dataaccess.com/webservicesserver/numberconversion.wso?wsdl</con:url><con:content><![CDATA[<definitions name="NumberConversion" targetNamespace="http://www.dataaccess.com/webservicesserver/" xmlns="http://schemas.xmlsoap.org/wsdl/" xmlns:xs="http://www.w3.org/2001/XMLSchema" xmlns:soap="http://schemas.xmlsoap.org/wsdl/soap/" xmlns:soap12="http://schemas.xmlsoap.org/wsdl/soap12/" xmlns:tns="http://www.dataaccess.com/webservicesserver/">
  <types>
    <xs:schema elementFormDefault="qualified" targetNamespace="http://www.dataaccess.com/webservicesserver/">
      <xs:element name="NumberToWords">
        <xs:complexType>
          <xs:sequence>
            <xs:element name="ubiNum" type="xs:unsignedLong"/>
          </xs:sequence>
        </xs:complexType>
      </xs:element>
      <xs:element name="NumberToWordsResponse">
        <xs:complexType>
          <xs:sequence>
            <xs:element name="NumberToWordsResult" type="xs:string"/>
          </xs:sequence>
        </xs:complexType>
      </xs:element>
      <xs:element name="NumberToDollars">
        <xs:complexType>
          <xs:sequence>
            <xs:element name="dNum" type="xs:decimal"/>
          </xs:sequence>
        </xs:complexType>
      </xs:element>
      <xs:element name="NumberToDollarsResponse">
        <xs:complexType>
          <xs:sequence>
            <xs:element name="NumberToDollarsResult" type="xs:string"/>
          </xs:sequence>
        </xs:complexType>
      </xs:element>
    </xs:schema>
  </types>
  <message name="NumberToWordsSoapRequest">
    <part name="parameters" element="tns:NumberToWords"/>
  </message>
  <message name="NumberToWordsSoapResponse">
    <part name="parameters" element="tns:NumberToWordsResponse"/>
  </message>
  <message name="NumberToDollarsSoapRequest">
    <part name="parameters" element="tns:NumberToDollars"/>
  </message>
  <message name="NumberToDollarsSoapResponse">
    <part name="parameters" element="tns:NumberToDollarsResponse"/>
  </message>
  <portType name="NumberConversionSoapType">
    <operation name="NumberToWords">
      <documentation>Returns the word corresponding to the positive number passed as parameter. Limited to quadrillions.</documentation>
      <input message="tns:NumberToWordsSoapRequest"/>
      <output message="tns:NumberToWordsSoapResponse"/>
    </operation>
    <operation name="NumberToDollars">
      <documentation>Returns the non-zero dollar amount of the passed number.</documentation>
      <input message="tns:NumberToDollarsSoapRequest"/>
      <output message="tns:NumberToDollarsSoapResponse"/>
    </operation>
  </portType>
  <binding name="NumberConversionSoapBinding" type="tns:NumberConversionSoapType">
    <soap:binding style="document" transport="http://schemas.xmlsoap.org/soap/http"/>
    <operation name="NumberToWords">
      <soap:operation soapAction="" style="document"/>
      <input>
        <soap:body use="literal"/>
      </input>
      <output>
        <soap:body use="literal"/>
      </output>
    </operation>
    <operation name="NumberToDollars">
      <soap:operation soapAction="" style="document"/>
      <input>
        <soap:body use="literal"/>
      </input>
      <output>
        <soap:body use="literal"/>
      </output>
    </operation>
  </binding>
  <binding name="NumberConversionSoapBinding12" type="tns:NumberConversionSoapType">
    <soap12:binding style="document" transport="http://schemas.xmlsoap.org/soap/http"/>
    <operation name="NumberToWords">
      <soap12:operation soapAction="" style="document"/>
      <input>
        <soap12:body use="literal"/>
      </input>
      <output>
        <soap12:body use="literal"/>
      </output>
    </operation>
    <operation name="NumberToDollars">
      <soap12:operation soapAction="" style="document"/>
      <input>
        <soap12:body use="literal"/>
      </input>
      <output>
        <soap12:body use="literal"/>
      </output>
    </operation>
  </binding>
  <service name="NumberConversion">
    <documentation>The Number Conversion Web Service, implemented with DataFlex, provides functions that convert numbers into words or dollar amounts.</documentation>
    <port name="NumberConversionSoap" binding="tns:NumberConversionSoapBinding">
      <soap:address location="http://www.dataaccess.com/webservicesserver/numberconversion.wso"/>
    </port>
    <port name="NumberConversionSoap12" binding="tns:NumberConversionSoapBinding12">
      <soap12:address location="http://www.dataaccess.com/webservicesserver/numberconversion.wso"/>
    </port>
  </service>
</definitions>]]></con:content><con:type>http://schemas.xmlsoap.org/wsdl/</con:type></con:part></con:definitionCache><con:endpoints><con:endpoint>http://www.dataaccess.com/webservicesserver/numberconversion.wso</con:endpoint></con:endpoints><con:operation id="8376e34f-eaa0-4343-8f10-83127a68556e" isOneWay="false" action="" name="NumberToDollars" bindingOperationName="NumberToDollars" type="Request-Response" inputName="" receivesAttachments="false" sendsAttachments="false" anonymous="optional"><con:settings/><con:call id="4171c597-5ec5-482f-9f25-0a27893ced10" name="Request 1"><con:settings><con:setting id="com.eviware.soapui.impl.wsdl.WsdlRequest@request-headers">&lt;xml-fragment/></con:setting></con:settings><con:encoding>UTF-8</con:encoding><con:endpoint>http://www.dataaccess.com/webservicesserver/numberconversion.wso</con:endpoint><con:request><![CDATA[<soapenv:Envelope xmlns:soapenv="http://schemas.xmlsoap.org/soap/envelope/" xmlns:web="http://www.dataaccess.com/webservicesserver/">\r
   <soapenv:Header/>\r
   <soapenv:Body>\r
      <web:NumberToDollars>\r
         <web:dNum>5</web:dNum>\r
      </web:NumberToDollars>\r
   </soapenv:Body>\r
</soapenv:Envelope>]]></con:request><con:credentials><con:selectedAuthProfile>No Authorization</con:selectedAuthProfile><con:authType>No Authorization</con:authType></con:credentials><con:jmsConfig JMSDeliveryMode="PERSISTENT"/><con:jmsPropertyConfig/><con:wsaConfig mustUnderstand="NONE" version="200508" action="http://www.dataaccess.com/webservicesserver/NumberConversionSoapType/NumberToDollarsRequest"/><con:wsrmConfig version="1.2"/></con:call></con:operation><con:operation id="07dbd2c9-8cb8-4855-b4cc-392b3d41227c" isOneWay="false" action="" name="NumberToWords" bindingOperationName="NumberToWords" type="Request-Response" inputName="" receivesAttachments="false" sendsAttachments="false" anonymous="optional"><con:settings/><con:call id="5f66e42a-7c97-4bb6-ba2d-eea3c89d50a3" name="Request 1"><con:settings><con:setting id="com.eviware.soapui.impl.wsdl.WsdlRequest@request-headers">&lt;xml-fragment/></con:setting></con:settings><con:encoding>UTF-8</con:encoding><con:endpoint>http://www.dataaccess.com/webservicesserver/numberconversion.wso</con:endpoint><con:request><![CDATA[<soapenv:Envelope xmlns:soapenv="http://schemas.xmlsoap.org/soap/envelope/" xmlns:web="http://www.dataaccess.com/webservicesserver/">\r
   <soapenv:Header/>\r
   <soapenv:Body>\r
      <web:NumberToWords>\r
         <web:ubiNum>2</web:ubiNum>\r
      </web:NumberToWords>\r
   </soapenv:Body>\r
</soapenv:Envelope>]]></con:request><con:credentials><con:selectedAuthProfile>No Authorization</con:selectedAuthProfile><con:authType>No Authorization</con:authType></con:credentials><con:jmsConfig JMSDeliveryMode="PERSISTENT"/><con:jmsPropertyConfig/><con:wsaConfig mustUnderstand="NONE" version="200508" action="http://www.dataaccess.com/webservicesserver/NumberConversionSoapType/NumberToWordsRequest"/><con:wsrmConfig version="1.2"/></con:call></con:operation></con:interface><con:testSuite id="4eaa624f-0534-468e-82f3-80eba8e644d6" name="TestSuite 1"><con:settings/><con:runType>SEQUENTIAL</con:runType><con:testCase id="959cdda2-058d-4b96-ba8d-402c10a2213d" failOnError="true" failTestCaseOnErrors="true" keepSession="false" maxResults="0" name="TestCase 1" searchProperties="true"><con:settings/><con:testStep type="request" id="ff5a7b86-bf28-43ae-b762-cf0c1c5fa76b" name="NumberToDollars - Request 1"><con:settings/><con:config xsi:type="con:RequestStep" xmlns:xsi="http://www.w3.org/2001/XMLSchema-instance"><con:interface>NumberConversionSoapBinding</con:interface><con:operation>NumberToDollars</con:operation><con:request name="NumberToDollars - Request 1" outgoingWss="" incomingWss="" timeout="" sslKeystore="" useWsAddressing="false" useWsReliableMessaging="false" wssPasswordType="" id="522abd20-1d8d-4484-b1a1-65b9a6821908"><con:settings><con:setting id="com.eviware.soapui.impl.wsdl.WsdlRequest@request-headers">&lt;xml-fragment/></con:setting></con:settings><con:encoding>UTF-8</con:encoding><con:endpoint>http://www.dataaccess.com/webservicesserver/numberconversion.wso</con:endpoint><con:request><![CDATA[<soapenv:Envelope xmlns:soapenv="http://schemas.xmlsoap.org/soap/envelope/" xmlns:web="http://www.dataaccess.com/webservicesserver/">\r
   <soapenv:Header/>\r
   <soapenv:Body>\r
      <web:NumberToDollars>\r
         <web:dNum>5</web:dNum>\r
      </web:NumberToDollars>\r
   </soapenv:Body>\r
</soapenv:Envelope>]]></con:request><con:assertion type="SOAP Response" id="e579abb3-285a-45c9-a29e-92b64505973c" name="SOAP Response"/><con:assertion type="XPath Match" id="faaed5c5-692a-4b7c-a150-f91288d9961c" name="XPath Match"><con:configuration><path>declare namespace soap='http://schemas.xmlsoap.org/soap/envelope/';
declare namespace m='http://www.dataaccess.com/webservicesserver/';
//m:NumberToDollarsResult</path><content>five dollars</content><allowWildcards>true</allowWildcards><ignoreNamspaceDifferences>false</ignoreNamspaceDifferences><ignoreComments>false</ignoreComments></con:configuration></con:assertion><con:credentials><con:selectedAuthProfile>No Authorization</con:selectedAuthProfile><con:authType>No Authorization</con:authType></con:credentials><con:jmsConfig JMSDeliveryMode="PERSISTENT"/><con:jmsPropertyConfig/><con:wsaConfig mustUnderstand="NONE" version="200508" action="http://www.dataaccess.com/webservicesserver/NumberConversionSoapType/NumberToDollarsRequest"/><con:wsrmConfig version="1.2"/></con:request></con:config></con:testStep><con:testStep type="request" id="26c58bd0-1fa7-4ee7-aa5e-e2617d9ffc2f" name="NumberToWords - Request 1"><con:settings/><con:config xsi:type="con:RequestStep" xmlns:xsi="http://www.w3.org/2001/XMLSchema-instance"><con:interface>NumberConversionSoapBinding</con:interface><con:operation>NumberToWords</con:operation><con:request name="NumberToWords - Request 1" outgoingWss="" incomingWss="" timeout="" sslKeystore="" useWsAddressing="false" useWsReliableMessaging="false" wssPasswordType="" id="593c8c37-1378-41d9-a7b9-0877c12c14be"><con:settings><con:setting id="com.eviware.soapui.impl.wsdl.WsdlRequest@request-headers">&lt;xml-fragment/></con:setting></con:settings><con:encoding>UTF-8</con:encoding><con:endpoint>http://www.dataaccess.com/webservicesserver/numberconversion.wso</con:endpoint><con:request><![CDATA[<soapenv:Envelope xmlns:soapenv="http://schemas.xmlsoap.org/soap/envelope/" xmlns:web="http://www.dataaccess.com/webservicesserver/">\r
   <soapenv:Header/>\r
   <soapenv:Body>\r
      <web:NumberToWords>\r
         <web:ubiNum>${Properties#one}</web:ubiNum>\r
      </web:NumberToWords>\r
   </soapenv:Body>\r
</soapenv:Envelope>]]></con:request><con:assertion type="SOAP Response" id="7b1808ba-2fc7-4374-9a0a-21f405da26cb" name="SOAP Response"/><con:assertion type="XPath Match" id="204e8043-10cb-440c-bfe0-c0d75db51ffb" name="XPath Match"><con:configuration><path>declare namespace soap='http://schemas.xmlsoap.org/soap/envelope/';
declare namespace m='http://www.dataaccess.com/webservicesserver/';
//m:NumberToWordsResult</path><content>twenty two</content><allowWildcards>false</allowWildcards><ignoreNamspaceDifferences>false</ignoreNamspaceDifferences><ignoreComments>false</ignoreComments></con:configuration></con:assertion><con:credentials><con:selectedAuthProfile>No Authorization</con:selectedAuthProfile><con:authType>No Authorization</con:authType></con:credentials><con:jmsConfig JMSDeliveryMode="PERSISTENT"/><con:jmsPropertyConfig/><con:wsaConfig mustUnderstand="NONE" version="200508" action="http://www.dataaccess.com/webservicesserver/NumberConversionSoapType/NumberToWordsRequest"/><con:wsrmConfig version="1.2"/></con:request></con:config></con:testStep><con:testStep type="delay" name="1000" id="15427086-59ec-420c-ac31-d53d1c21cc07"><con:settings/><con:config><delay>1000</delay></con:config></con:testStep><con:testStep type="properties" name="Properties" id="f1542203-eb99-4c90-a1f7-99951f04a4d8"><con:settings/><con:config xsi:type="con:PropertiesStep" saveFirst="true" xmlns:xsi="http://www.w3.org/2001/XMLSchema-instance"><con:properties><con:property><con:name>one</con:name><con:value>22</con:value></con:property></con:properties></con:config></con:testStep><con:testStep type="manualTestStep" name="Manual TestStep" id="76fe9d98-a54b-47b9-810a-f92de69fd888"><con:description>Enter an integer in the request</con:description><con:settings/><con:config xsi:type="con:ManualTestStep" xmlns:xsi="http://www.w3.org/2001/XMLSchema-instance"><con:expectedResult>Interger is printed in words with "dollars" after it</con:expectedResult></con:config></con:testStep><con:testStep type="groovy" name="Groovy Script" id="0fb1775b-f75b-40b7-9c94-0dfe781d981e"><con:settings/><con:config><script>log.info("info")
log.error("Error Message")
log.warn("Warning Message")
log.fatal("Fatal Message")

//Define TestCase Object
def testcase = testRunner.testCase

//Print Name of TestCase
log.info testcase.getLabel()

//Define TestSuite Object
def testsuite = testRunner.testCase.testSuite

//Print Name of TestSuite
log.info testsuite.getLabel()

//Define Project Object
def project = testRunner.testCase.testSuite.project

//Print Name of Project
log.info project.name

for(i in 1..10)
{
	if(Math.random()*10 &lt; 5.0) {
		testRunner.runTestStepByName("NumberToDollars - Request 1")
	} else {
		testRunner.runTestStepByName("NumberToWords - Request 1")
	}
}</script></con:config></con:testStep><con:properties/><con:reportParameters/></con:testCase><con:properties/><con:reportParameters/></con:testSuite><con:properties/><con:wssContainer/><con:databaseConnectionContainer/><con:jmsConnectionContainer/><con:oAuth2ProfileContainer/><con:oAuth1ProfileContainer/><con:reporting><con:xmlTemplates/><con:parameters/></con:reporting><con:sensitiveInformation/><con:authRepository/><con:tags/></con:soapui-project>