<?xml version="1.0" encoding="UTF-8"?>
<con:soapui-project id="47da76dd-8ebf-4ff3-ac96-f346b3f91259" activeEnvironment="Default environment" name="Creating REST Project" soapui-version="5.5.0" abortOnError="false" runType="SEQUENTIAL" encryptionMode="Not encrypted" updated="3.3.0 2020-06-26T16:21:32Z" xmlns:con="http://eviware.com/soapui/config"><con:settings/><con:interface xsi:type="con:RestService" id="67a38350-2dee-4df0-8426-1d3e5de7c1b9" wadlVersion="http://wadl.dev.java.net/2009/02" name="https://petstore.swagger.io" type="rest" xmlns:xsi="http://www.w3.org/2001/XMLSchema-instance"><con:settings/><con:definitionCache type="TEXT" rootPart=""/><con:endpoints><con:endpoint>https://petstore.swagger.io</con:endpoint></con:endpoints><con:resource name="FindByStatus" path="/v2/pet/findByStatus" id="18f3f48e-0361-4563-8870-c8bc984acac3"><con:settings/><con:parameters><con:parameter><con:name>status</con:name><con:value>sold</con:value><con:style>QUERY</con:style><con:default>sold</con:default><con:path xsi:nil="true"/><con:description xsi:nil="true"/></con:parameter></con:parameters><con:method name="FindByStatus 1" id="f240b217-9f65-4484-9d9a-787043b762e9" method="GET"><con:settings/><con:parameters/><con:representation type="RESPONSE"><con:mediaType>application/json</con:mediaType><con:status>200</con:status><con:params/><con:element>Response</con:element></con:representation><con:representation type="RESPONSE"><con:mediaType xsi:nil="true"/><con:status>0</con:status><con:params/><con:element>data</con:element></con:representation><con:request name="Request 1" id="76b6fbf8-6ad2-4604-be02-9e4aaeb842dc" mediaType="application/json"><con:settings><con:setting id="com.eviware.soapui.impl.wsdl.WsdlRequest@request-headers">&lt;xml-fragment/></con:setting></con:settings><con:endpoint>https://petstore.swagger.io</con:endpoint><con:request/><con:originalUri>https://petstore.swagger.io/v2/pet/findByStatus</con:originalUri><con:credentials><con:selectedAuthProfile>No Authorization</con:selectedAuthProfile><con:authType>No Authorization</con:authType></con:credentials><con:jmsConfig JMSDeliveryMode="PERSISTENT"/><con:jmsPropertyConfig/><con:parameters><entry key="status" value="pending" xmlns="http://eviware.com/soapui/config"/></con:parameters><con:parameterOrder><con:entry>status</con:entry></con:parameterOrder></con:request></con:method></con:resource></con:interface><con:interface xsi:type="con:RestService" id="204bf62d-043c-47e6-9e31-56d4bb1aeea0" wadlVersion="http://wadl.dev.java.net/2009/02" name="https://petstore.swagger.io" type="rest" xmlns:xsi="http://www.w3.org/2001/XMLSchema-instance"><con:settings/><con:definitionCache type="TEXT" rootPart=""/><con:endpoints><con:endpoint>https://petstore.swagger.io</con:endpoint></con:endpoints><con:resource name="Pet" path="/v2/pet" id="4f649a29-ca18-4404-a477-510d3824f3a4"><con:settings/><con:parameters/><con:method name="Pet 1" id="44aa38ae-87de-4363-aeb8-ff8c8ce45a82" method="POST"><con:settings/><con:parameters/><con:representation type="FAULT"><con:mediaType>application/json</con:mediaType><con:status>405</con:status><con:params/><con:element xmlns:pet="https://petstore.swagger.io/v2/pet">pet:Fault</con:element></con:representation><con:representation type="REQUEST"><con:mediaType>application/json</con:mediaType><con:params/></con:representation><con:representation type="FAULT"><con:mediaType>application/xml</con:mediaType><con:status>405</con:status><con:params/><con:element>apiResponse</con:element></con:representation><con:representation type="RESPONSE"><con:mediaType>application/json</con:mediaType><con:status>200</con:status><con:params/><con:element xmlns:pet="https://petstore.swagger.io/v2/pet">pet:Response</con:element></con:representation><con:request name="Request 1" id="ba930981-1a9d-41c7-9504-66bcee0faf4e" mediaType="application/json" postQueryString="false"><con:settings><con:setting id="com.eviware.soapui.impl.wsdl.WsdlRequest@request-headers">&lt;xml-fragment/></con:setting></con:settings><con:endpoint>https://petstore.swagger.io</con:endpoint><con:request>{
    "id": 0,
    "name": "petName",
    "status": "available"
}</con:request><con:originalUri>https://petstore.swagger.io/v2/pet</con:originalUri><con:credentials><con:selectedAuthProfile>No Authorization</con:selectedAuthProfile><con:authType>No Authorization</con:authType></con:credentials><con:jmsConfig JMSDeliveryMode="PERSISTENT"/><con:jmsPropertyConfig/><con:parameters/><con:parameterOrder/></con:request></con:method></con:resource></con:interface><con:testSuite id="47fa89f5-f9b5-48bb-9ade-5275fa60d1db" name="TestSuite 1"><con:settings/><con:runType>SEQUENTIAL</con:runType><con:testCase id="78495e59-b9bd-4640-8eca-9e41f2c847d6" failOnError="true" failTestCaseOnErrors="true" keepSession="false" maxResults="0" name="TestCase 1" searchProperties="true"><con:settings/><con:testStep type="restrequest" name="FindByStatus 1 - Request 1" id="d22d500a-da9e-42ec-96e7-44cd5ed11de4"><con:settings/><con:config service="https://petstore.swagger.io" resourcePath="/v2/pet/findByStatus" methodName="FindByStatus 1" xsi:type="con:RestRequestStep" xmlns:xsi="http://www.w3.org/2001/XMLSchema-instance"><con:restRequest name="FindByStatus 1 - Request 1" id="76b6fbf8-6ad2-4604-be02-9e4aaeb842dc" mediaType="application/json"><con:settings><con:setting id="com.eviware.soapui.impl.wsdl.WsdlRequest@request-headers">&lt;xml-fragment/></con:setting></con:settings><con:endpoint>https://petstore.swagger.io</con:endpoint><con:request/><con:originalUri>https://petstore.swagger.io/v2/pet/findByStatus</con:originalUri><con:assertion type="JsonPath Count" id="59e8e1b9-c5a6-4814-ae94-7aaa504b0887" name="JsonPath Count"><con:configuration><path>$[*]</path><content>49</content><allowWildcards>false</allowWildcards><ignoreNamspaceDifferences>false</ignoreNamspaceDifferences><ignoreComments>false</ignoreComments></con:configuration></con:assertion><con:credentials><con:selectedAuthProfile>No Authorization</con:selectedAuthProfile><con:authType>No Authorization</con:authType></con:credentials><con:jmsConfig JMSDeliveryMode="PERSISTENT"/><con:jmsPropertyConfig/><con:parameters><entry key="status" value="pending" xmlns="http://eviware.com/soapui/config"/></con:parameters><con:parameterOrder><con:entry>status</con:entry></con:parameterOrder></con:restRequest></con:config></con:testStep><con:testStep type="restrequest" name="Pet 1 - Request 1" id="4bc6dfa7-868a-4896-808d-de51dffdf4b1"><con:settings/><con:config service="https://petstore.swagger.io" resourcePath="/v2/pet" methodName="Pet 1" xsi:type="con:RestRequestStep" xmlns:xsi="http://www.w3.org/2001/XMLSchema-instance"><con:restRequest name="Pet 1 - Request 1" id="ba930981-1a9d-41c7-9504-66bcee0faf4e" mediaType="application/json" postQueryString="false"><con:settings><con:setting id="com.eviware.soapui.impl.wsdl.WsdlRequest@request-headers">&lt;xml-fragment/></con:setting></con:settings><con:endpoint>https://petstore.swagger.io</con:endpoint><con:request/><con:originalUri>https://petstore.swagger.io/v2/pet</con:originalUri><con:assertion type="JsonPath Count" id="ccd23f23-1b65-4320-8f6c-c5718f1f4ea4" name="JsonPath Count"><con:configuration><path>$[*]</path><content>1</content><allowWildcards>false</allowWildcards><ignoreNamspaceDifferences>false</ignoreNamspaceDifferences><ignoreComments>false</ignoreComments></con:configuration></con:assertion><con:credentials><con:selectedAuthProfile>No Authorization</con:selectedAuthProfile><con:authType>No Authorization</con:authType></con:credentials><con:jmsConfig JMSDeliveryMode="PERSISTENT"/><con:jmsPropertyConfig/><con:parameters/><con:parameterOrder/></con:restRequest></con:config></con:testStep><con:properties/><con:reportParameters/></con:testCase><con:properties/><con:reportParameters/></con:testSuite><con:properties/><con:wssContainer/><con:databaseConnectionContainer/><con:jmsConnectionContainer/><con:oAuth2ProfileContainer/><con:oAuth1ProfileContainer/><con:reporting><con:xmlTemplates/><con:parameters/></con:reporting><con:authRepository/><con:tags/></con:soapui-project>