<?xml version="1.0" encoding="UTF-8"?>
<con:soapui-project id="502f0103-ef4e-447a-a672-dd58f00537c6" activeEnvironment="Default" name="Service Mocking Activity - SOAP Mocking" soapui-version="5.5.0" abortOnError="false" runType="SEQUENTIAL" encryptionMode="Not encrypted" updated="3.3.0 2020-06-26T16:21:32Z" xmlns:con="http://eviware.com/soapui/config"><con:settings/><con:interface xsi:type="con:WsdlInterface" id="2564f975-0098-41c6-90dd-ef9ffe23dfd9" wsaVersion="NONE" name="NumberConversionSoapBinding" type="wsdl" bindingName="{http://www.dataaccess.com/webservicesserver/}NumberConversionSoapBinding" soapVersion="1_1" anonymous="optional" definition="http://www.dataaccess.com/webservicesserver/numberconversion.wso?WSDL" xmlns:xsi="http://www.w3.org/2001/XMLSchema-instance"><con:settings/><con:definitionCache type="TEXT" rootPart="http://www.dataaccess.com/webservicesserver/numberconversion.wso?WSDL"><con:part><con:url>http://www.dataaccess.com/webservicesserver/numberconversion.wso?WSDL</con:url><con:content><![CDATA[<definitions name="NumberConversion" targetNamespace="http://www.dataaccess.com/webservicesserver/" xmlns="http://schemas.xmlsoap.org/wsdl/" xmlns:xs="http://www.w3.org/2001/XMLSchema" xmlns:soap="http://schemas.xmlsoap.org/wsdl/soap/" xmlns:soap12="http://schemas.xmlsoap.org/wsdl/soap12/" xmlns:tns="http://www.dataaccess.com/webservicesserver/">
  <types>
    <xs:schema elementFormDefault="qualified" targetNamespace="http://www.dataaccess.com/webservicesserver/">
      <xs:element name="NumberToWords">
        <xs:complexType>
          <xs:sequence>
            <xs:element name="ubiNum" type="xs:unsignedLong"/>
          </xs:sequence>
        </xs:complexType>
      </xs:element>
      <xs:element name="NumberToWordsResponse">
        <xs:complexType>
          <xs:sequence>
            <xs:element name="NumberToWordsResult" type="xs:string"/>
          </xs:sequence>
        </xs:complexType>
      </xs:element>
      <xs:element name="NumberToDollars">
        <xs:complexType>
          <xs:sequence>
            <xs:element name="dNum" type="xs:decimal"/>
          </xs:sequence>
        </xs:complexType>
      </xs:element>
      <xs:element name="NumberToDollarsResponse">
        <xs:complexType>
          <xs:sequence>
            <xs:element name="NumberToDollarsResult" type="xs:string"/>
          </xs:sequence>
        </xs:complexType>
      </xs:element>
    </xs:schema>
  </types>
  <message name="NumberToWordsSoapRequest">
    <part name="parameters" element="tns:NumberToWords"/>
  </message>
  <message name="NumberToWordsSoapResponse">
    <part name="parameters" element="tns:NumberToWordsResponse"/>
  </message>
  <message name="NumberToDollarsSoapRequest">
    <part name="parameters" element="tns:NumberToDollars"/>
  </message>
  <message name="NumberToDollarsSoapResponse">
    <part name="parameters" element="tns:NumberToDollarsResponse"/>
  </message>
  <portType name="NumberConversionSoapType">
    <operation name="NumberToWords">
      <documentation>Returns the word corresponding to the positive number passed as parameter. Limited to quadrillions.</documentation>
      <input message="tns:NumberToWordsSoapRequest"/>
      <output message="tns:NumberToWordsSoapResponse"/>
    </operation>
    <operation name="NumberToDollars">
      <documentation>Returns the non-zero dollar amount of the passed number.</documentation>
      <input message="tns:NumberToDollarsSoapRequest"/>
      <output message="tns:NumberToDollarsSoapResponse"/>
    </operation>
  </portType>
  <binding name="NumberConversionSoapBinding" type="tns:NumberConversionSoapType">
    <soap:binding style="document" transport="http://schemas.xmlsoap.org/soap/http"/>
    <operation name="NumberToWords">
      <soap:operation soapAction="" style="document"/>
      <input>
        <soap:body use="literal"/>
      </input>
      <output>
        <soap:body use="literal"/>
      </output>
    </operation>
    <operation name="NumberToDollars">
      <soap:operation soapAction="" style="document"/>
      <input>
        <soap:body use="literal"/>
      </input>
      <output>
        <soap:body use="literal"/>
      </output>
    </operation>
  </binding>
  <binding name="NumberConversionSoapBinding12" type="tns:NumberConversionSoapType">
    <soap12:binding style="document" transport="http://schemas.xmlsoap.org/soap/http"/>
    <operation name="NumberToWords">
      <soap12:operation soapAction="" style="document"/>
      <input>
        <soap12:body use="literal"/>
      </input>
      <output>
        <soap12:body use="literal"/>
      </output>
    </operation>
    <operation name="NumberToDollars">
      <soap12:operation soapAction="" style="document"/>
      <input>
        <soap12:body use="literal"/>
      </input>
      <output>
        <soap12:body use="literal"/>
      </output>
    </operation>
  </binding>
  <service name="NumberConversion">
    <documentation>The Number Conversion Web Service, implemented with DataFlex, provides functions that convert numbers into words or dollar amounts.</documentation>
    <port name="NumberConversionSoap" binding="tns:NumberConversionSoapBinding">
      <soap:address location="http://www.dataaccess.com/webservicesserver/numberconversion.wso"/>
    </port>
    <port name="NumberConversionSoap12" binding="tns:NumberConversionSoapBinding12">
      <soap12:address location="http://www.dataaccess.com/webservicesserver/numberconversion.wso"/>
    </port>
  </service>
</definitions>]]></con:content><con:type>http://schemas.xmlsoap.org/wsdl/</con:type></con:part></con:definitionCache><con:endpoints><con:endpoint>http://DESKTOP-SP1DG6S:8088/mockNumberConversionSoapBinding</con:endpoint><con:endpoint>http://www.dataaccess.com/webservicesserver/numberconversion.wso</con:endpoint></con:endpoints><con:operation id="a2073838-1004-4f58-9225-e3314a820b80" isOneWay="false" action="" name="NumberToDollars" bindingOperationName="NumberToDollars" type="Request-Response" inputName="" receivesAttachments="false" sendsAttachments="false" anonymous="optional"><con:settings/><con:call id="5a098e32-8cc8-4943-a81f-56f9f012a19d" name="Request 1"><con:settings><con:setting id="com.eviware.soapui.impl.wsdl.WsdlRequest@request-headers">&lt;xml-fragment/></con:setting></con:settings><con:encoding>UTF-8</con:encoding><con:endpoint>http://DESKTOP-SP1DG6S:8088/mockNumberConversionSoapBinding</con:endpoint><con:request><![CDATA[<soapenv:Envelope xmlns:soapenv="http://schemas.xmlsoap.org/soap/envelope/" xmlns:web="http://www.dataaccess.com/webservicesserver/">\r
   <soapenv:Header/>\r
   <soapenv:Body>\r
      <web:NumberToDollars>\r
         <web:dNum>?</web:dNum>\r
      </web:NumberToDollars>\r
   </soapenv:Body>\r
</soapenv:Envelope>]]></con:request><con:credentials><con:selectedAuthProfile>No Authorization</con:selectedAuthProfile><con:authType>No Authorization</con:authType></con:credentials><con:jmsConfig JMSDeliveryMode="PERSISTENT"/><con:jmsPropertyConfig/><con:wsaConfig mustUnderstand="NONE" version="200508" action="http://www.dataaccess.com/webservicesserver/NumberConversionSoapType/NumberToDollarsRequest"/><con:wsrmConfig version="1.2"/></con:call></con:operation><con:operation id="e2fac3eb-311c-4e7e-84b6-91e4524fd93f" isOneWay="false" action="" name="NumberToWords" bindingOperationName="NumberToWords" type="Request-Response" inputName="" receivesAttachments="false" sendsAttachments="false" anonymous="optional"><con:settings/><con:call id="5440cda4-f1e3-4353-b933-03adc3e3604a" name="Request 1"><con:settings><con:setting id="com.eviware.soapui.impl.wsdl.WsdlRequest@request-headers">&lt;xml-fragment/></con:setting></con:settings><con:encoding>UTF-8</con:encoding><con:endpoint>http://DESKTOP-SP1DG6S:8088/mockNumberConversionSoapBinding</con:endpoint><con:request><![CDATA[<soapenv:Envelope xmlns:soapenv="http://schemas.xmlsoap.org/soap/envelope/" xmlns:web="http://www.dataaccess.com/webservicesserver/">\r
   <soapenv:Header/>\r
   <soapenv:Body>\r
      <web:NumberToWords>\r
         <web:ubiNum>?</web:ubiNum>\r
      </web:NumberToWords>\r
   </soapenv:Body>\r
</soapenv:Envelope>]]></con:request><con:credentials><con:selectedAuthProfile>No Authorization</con:selectedAuthProfile><con:authType>No Authorization</con:authType></con:credentials><con:jmsConfig JMSDeliveryMode="PERSISTENT"/><con:jmsPropertyConfig/><con:wsaConfig mustUnderstand="NONE" version="200508" action="http://www.dataaccess.com/webservicesserver/NumberConversionSoapType/NumberToWordsRequest"/><con:wsrmConfig version="1.2"/></con:call></con:operation></con:interface><con:interface xsi:type="con:WsdlInterface" id="d5045d1d-1a88-42e9-a887-30c1f8564234" wsaVersion="NONE" name="NumberConversionSoapBinding12" type="wsdl" bindingName="{http://www.dataaccess.com/webservicesserver/}NumberConversionSoapBinding12" soapVersion="1_2" anonymous="optional" definition="http://www.dataaccess.com/webservicesserver/numberconversion.wso?WSDL" xmlns:xsi="http://www.w3.org/2001/XMLSchema-instance"><con:settings/><con:definitionCache type="TEXT" rootPart="http://www.dataaccess.com/webservicesserver/numberconversion.wso?WSDL"><con:part><con:url>http://www.dataaccess.com/webservicesserver/numberconversion.wso?WSDL</con:url><con:content><![CDATA[<definitions name="NumberConversion" targetNamespace="http://www.dataaccess.com/webservicesserver/" xmlns="http://schemas.xmlsoap.org/wsdl/" xmlns:xs="http://www.w3.org/2001/XMLSchema" xmlns:soap="http://schemas.xmlsoap.org/wsdl/soap/" xmlns:soap12="http://schemas.xmlsoap.org/wsdl/soap12/" xmlns:tns="http://www.dataaccess.com/webservicesserver/">
  <types>
    <xs:schema elementFormDefault="qualified" targetNamespace="http://www.dataaccess.com/webservicesserver/">
      <xs:element name="NumberToWords">
        <xs:complexType>
          <xs:sequence>
            <xs:element name="ubiNum" type="xs:unsignedLong"/>
          </xs:sequence>
        </xs:complexType>
      </xs:element>
      <xs:element name="NumberToWordsResponse">
        <xs:complexType>
          <xs:sequence>
            <xs:element name="NumberToWordsResult" type="xs:string"/>
          </xs:sequence>
        </xs:complexType>
      </xs:element>
      <xs:element name="NumberToDollars">
        <xs:complexType>
          <xs:sequence>
            <xs:element name="dNum" type="xs:decimal"/>
          </xs:sequence>
        </xs:complexType>
      </xs:element>
      <xs:element name="NumberToDollarsResponse">
        <xs:complexType>
          <xs:sequence>
            <xs:element name="NumberToDollarsResult" type="xs:string"/>
          </xs:sequence>
        </xs:complexType>
      </xs:element>
    </xs:schema>
  </types>
  <message name="NumberToWordsSoapRequest">
    <part name="parameters" element="tns:NumberToWords"/>
  </message>
  <message name="NumberToWordsSoapResponse">
    <part name="parameters" element="tns:NumberToWordsResponse"/>
  </message>
  <message name="NumberToDollarsSoapRequest">
    <part name="parameters" element="tns:NumberToDollars"/>
  </message>
  <message name="NumberToDollarsSoapResponse">
    <part name="parameters" element="tns:NumberToDollarsResponse"/>
  </message>
  <portType name="NumberConversionSoapType">
    <operation name="NumberToWords">
      <documentation>Returns the word corresponding to the positive number passed as parameter. Limited to quadrillions.</documentation>
      <input message="tns:NumberToWordsSoapRequest"/>
      <output message="tns:NumberToWordsSoapResponse"/>
    </operation>
    <operation name="NumberToDollars">
      <documentation>Returns the non-zero dollar amount of the passed number.</documentation>
      <input message="tns:NumberToDollarsSoapRequest"/>
      <output message="tns:NumberToDollarsSoapResponse"/>
    </operation>
  </portType>
  <binding name="NumberConversionSoapBinding" type="tns:NumberConversionSoapType">
    <soap:binding style="document" transport="http://schemas.xmlsoap.org/soap/http"/>
    <operation name="NumberToWords">
      <soap:operation soapAction="" style="document"/>
      <input>
        <soap:body use="literal"/>
      </input>
      <output>
        <soap:body use="literal"/>
      </output>
    </operation>
    <operation name="NumberToDollars">
      <soap:operation soapAction="" style="document"/>
      <input>
        <soap:body use="literal"/>
      </input>
      <output>
        <soap:body use="literal"/>
      </output>
    </operation>
  </binding>
  <binding name="NumberConversionSoapBinding12" type="tns:NumberConversionSoapType">
    <soap12:binding style="document" transport="http://schemas.xmlsoap.org/soap/http"/>
    <operation name="NumberToWords">
      <soap12:operation soapAction="" style="document"/>
      <input>
        <soap12:body use="literal"/>
      </input>
      <output>
        <soap12:body use="literal"/>
      </output>
    </operation>
    <operation name="NumberToDollars">
      <soap12:operation soapAction="" style="document"/>
      <input>
        <soap12:body use="literal"/>
      </input>
      <output>
        <soap12:body use="literal"/>
      </output>
    </operation>
  </binding>
  <service name="NumberConversion">
    <documentation>The Number Conversion Web Service, implemented with DataFlex, provides functions that convert numbers into words or dollar amounts.</documentation>
    <port name="NumberConversionSoap" binding="tns:NumberConversionSoapBinding">
      <soap:address location="http://www.dataaccess.com/webservicesserver/numberconversion.wso"/>
    </port>
    <port name="NumberConversionSoap12" binding="tns:NumberConversionSoapBinding12">
      <soap12:address location="http://www.dataaccess.com/webservicesserver/numberconversion.wso"/>
    </port>
  </service>
</definitions>]]></con:content><con:type>http://schemas.xmlsoap.org/wsdl/</con:type></con:part></con:definitionCache><con:endpoints><con:endpoint>http://www.dataaccess.com/webservicesserver/numberconversion.wso</con:endpoint></con:endpoints><con:operation id="ca8bc1fc-e73c-4699-bc54-a2dc951b8b8a" isOneWay="false" action="" name="NumberToDollars" bindingOperationName="NumberToDollars" type="Request-Response" inputName="" receivesAttachments="false" sendsAttachments="false" anonymous="optional"><con:settings/><con:call id="d5927892-9c18-4ddf-a3e6-6c2718fe5d43" name="Request 1"><con:settings><con:setting id="com.eviware.soapui.impl.wsdl.WsdlRequest@request-headers">&lt;xml-fragment/></con:setting></con:settings><con:encoding>UTF-8</con:encoding><con:endpoint>http://www.dataaccess.com/webservicesserver/numberconversion.wso</con:endpoint><con:request><![CDATA[<soap:Envelope xmlns:soap="http://www.w3.org/2003/05/soap-envelope" xmlns:web="http://www.dataaccess.com/webservicesserver/">\r
   <soap:Header/>\r
   <soap:Body>\r
      <web:NumberToDollars>\r
         <web:dNum>5</web:dNum>\r
      </web:NumberToDollars>\r
   </soap:Body>\r
</soap:Envelope>]]></con:request><con:credentials><con:selectedAuthProfile>No Authorization</con:selectedAuthProfile><con:authType>No Authorization</con:authType></con:credentials><con:jmsConfig JMSDeliveryMode="PERSISTENT"/><con:jmsPropertyConfig/><con:wsaConfig mustUnderstand="NONE" version="200508" action="http://www.dataaccess.com/webservicesserver/NumberConversionSoapType/NumberToDollarsRequest"/><con:wsrmConfig version="1.2"/></con:call></con:operation><con:operation id="6d7f559a-353f-4f34-ad6a-6bf00564557a" isOneWay="false" action="" name="NumberToWords" bindingOperationName="NumberToWords" type="Request-Response" inputName="" receivesAttachments="false" sendsAttachments="false" anonymous="optional"><con:settings/><con:call id="28279385-f076-4a6f-b34c-c6fa2792720e" name="Request 1"><con:settings><con:setting id="com.eviware.soapui.impl.wsdl.WsdlRequest@request-headers">&lt;xml-fragment/></con:setting></con:settings><con:encoding>UTF-8</con:encoding><con:endpoint>http://www.dataaccess.com/webservicesserver/numberconversion.wso</con:endpoint><con:request><![CDATA[<soap:Envelope xmlns:soap="http://www.w3.org/2003/05/soap-envelope" xmlns:web="http://www.dataaccess.com/webservicesserver/">\r
   <soap:Header/>\r
   <soap:Body>\r
      <web:NumberToWords>\r
         <web:ubiNum>6</web:ubiNum>\r
      </web:NumberToWords>\r
   </soap:Body>\r
</soap:Envelope>]]></con:request><con:credentials><con:selectedAuthProfile>No Authorization</con:selectedAuthProfile><con:authType>No Authorization</con:authType></con:credentials><con:jmsConfig JMSDeliveryMode="PERSISTENT"/><con:jmsPropertyConfig/><con:wsaConfig mustUnderstand="NONE" version="200508" action="http://www.dataaccess.com/webservicesserver/NumberConversionSoapType/NumberToWordsRequest"/><con:wsrmConfig version="1.2"/></con:call></con:operation></con:interface><con:mockService id="c0bf1f32-08da-4a1f-ba96-b5681c80a2af" port="8088" path="/mockNumberConversionSoapBinding" host="localhost" name="NumberConversionSoapBinding MockService"><con:settings><con:setting id="com.eviware.soapui.impl.wsdl.mock.WsdlMockService@require-soap-action">false</con:setting></con:settings><con:properties/><con:constraints><con:congestion>0</con:congestion><con:inputBandwidth>-1</con:inputBandwidth><con:outputBandwidth>-1</con:outputBandwidth><con:maxThreadPoolCapacity>20</con:maxThreadPoolCapacity><con:coreThreadPoolCapacity>5</con:coreThreadPoolCapacity><con:virtError><con:start>0</con:start><con:endless>true</con:endless></con:virtError></con:constraints><con:dataSources/><con:headerValidator type="NONE"/><con:mockOperation name="NumberToDollars" id="4427774d-5fe5-4f44-9e1d-f64a7c40d419" interface="NumberConversionSoapBinding" operation="NumberToDollars"><con:settings/><con:defaultResponse>Response 1</con:defaultResponse><con:dispatchStyle>SEQUENCE</con:dispatchStyle><con:dispatchXPath/><con:routeScript/><con:response name="Response 1" id="bf215d8f-fea4-477a-8fc7-b828e89211d8" httpResponseStatus="200" encoding="UTF-8" dataSource=""><con:settings/><con:responseContent><![CDATA[<soapenv:Envelope xmlns:soapenv="http://schemas.xmlsoap.org/soap/envelope/" xmlns:web="http://www.dataaccess.com/webservicesserver/">
   <soapenv:Header/>
   <soapenv:Body>
      <web:NumberToDollarsResponse>
         <web:NumberToDollarsResult>?</web:NumberToDollarsResult>
      </web:NumberToDollarsResponse>
   </soapenv:Body>
</soapenv:Envelope>]]></con:responseContent><con:wsaConfig mustUnderstand="NONE" version="200508" action="http://www.dataaccess.com/webservicesserver/NumberConversionSoapType/NumberToDollarsResponse"/></con:response><con:dispatchConfig/></con:mockOperation><con:mockOperation name="NumberToWords" id="84a774eb-cadf-45dd-bdb3-7f02247ec3d0" interface="NumberConversionSoapBinding" operation="NumberToWords"><con:settings/><con:defaultResponse>Response 1</con:defaultResponse><con:dispatchStyle>SEQUENCE</con:dispatchStyle><con:dispatchXPath/><con:routeScript/><con:response name="Response 1" id="1d55beb4-26fc-485c-9fca-c301b376f973" httpResponseStatus="200" encoding="UTF-8" dataSource=""><con:settings/><con:responseContent><![CDATA[<soapenv:Envelope xmlns:soapenv="http://schemas.xmlsoap.org/soap/envelope/" xmlns:web="http://www.dataaccess.com/webservicesserver/">
   <soapenv:Header/>
   <soapenv:Body>
      <web:NumberToWordsResponse>
         <web:NumberToWordsResult>?</web:NumberToWordsResult>
      </web:NumberToWordsResponse>
   </soapenv:Body>
</soapenv:Envelope>]]></con:responseContent><con:wsaConfig mustUnderstand="NONE" version="200508" action="http://www.dataaccess.com/webservicesserver/NumberConversionSoapType/NumberToWordsResponse"/></con:response><con:dispatchConfig/></con:mockOperation></con:mockService><con:properties/><con:wssContainer/><con:databaseConnectionContainer/><con:jmsConnectionContainer/><con:oAuth2ProfileContainer/><con:oAuth1ProfileContainer/><con:reporting><con:xmlTemplates/><con:parameters/></con:reporting><con:authRepository/><con:tags/></con:soapui-project>